{
  "stage_id": 5,
  "name": "Self-Assessment",
  "default_due_days": 270,
  "tasks": [
    {
      "title": "Draft Self-Assessment Report (SAR)",
      "description": "Compile narrative, datasheet and annexes.",
      "owner_role": "StageOwner",
      "due_offset_days": 60
    },
    {
      "title": "Collect Student Report",
      "owner_role": "StudentAuthor",
      "due_offset_days": 90
    },
    {
      "title": "Advisor Review of SAR",
      "owner_role": "Advisor",
      "due_offset_days": 180
    },
    {
      "title": "Final SAR Sign\u2011off",
      "owner_role": "AccreditationLead",
      "due_offset_days": 240
    }
  ]
}
